org,name,url
"jenkins-infra","pipeline-library","https://github.com/jenkins-infra/pipeline-library"
"jenkins-infra","kubernetes-management","https://github.com/jenkins-infra/kubernetes-management"
"jenkinsci","helm-charts","https://github.com/jenkinsci/helm-charts"
"jenkinsci","acceptance-test-harness","https://github.com/jenkinsci/acceptance-test-harness"
"jenkinsci","docker","https://github.com/jenkinsci/docker"
"jenkinsci","dark-theme-plugin","https://github.com/jenkinsci/dark-theme-plugin"
"jenkinsci","azure-ad-plugin","https://github.com/jenkinsci/azure-ad-plugin"
"jenkinsci","azure-vm-agents-plugin","https://github.com/jenkinsci/azure-vm-agents-plugin"
"jenkinsci","bom","https://github.com/jenkinsci/bom"
"jenkinsci","junit-plugin","https://github.com/jenkinsci/junit-plugin"
"jenkinsci","azure-keyvault-plugin","https://github.com/jenkinsci/azure-keyvault-plugin"
"jenkinsci","github-checks-plugin","https://github.com/jenkinsci/github-checks-plugin"
"jenkinsci","configuration-as-code-plugin","https://github.com/jenkinsci/configuration-as-code-plugin"
"jenkinsci","plugin-installation-manager-tool","https://github.com/jenkinsci/plugin-installation-manager-tool"
"jenkins-infra","jenkins-infra","https://github.com/jenkins-infra/jenkins-infra"
"jenkinsci","opentelemetry-plugin","https://github.com/jenkinsci/opentelemetry-plugin"
"jenkinsci","jenkins","https://github.com/jenkinsci/jenkins"
"jenkins-infra","docker-jenkins-lts","https://github.com/jenkins-infra/docker-jenkins-lts"
"jenkinsci","nodelabelparameter-plugin","https://github.com/jenkinsci/nodelabelparameter-plugin"
"jenkins-infra","packer-images","https://github.com/jenkins-infra/packer-images"
"jenkins-infra","docker-packaging","https://github.com/jenkins-infra/docker-packaging"
"jenkinsci","git-client-plugin","https://github.com/jenkinsci/git-client-plugin"
"jenkinsci","authorize-project-plugin","https://github.com/jenkinsci/authorize-project-plugin"
"jenkinsci","versioncolumn-plugin","https://github.com/jenkinsci/versioncolumn-plugin"
"jenkinsci","priority-sorter-plugin","https://github.com/jenkinsci/priority-sorter-plugin"
"jenkinsci","implied-labels-plugin","https://github.com/jenkinsci/implied-labels-plugin"
"jenkinsci","embeddable-build-status-plugin","https://github.com/jenkinsci/embeddable-build-status-plugin"
"jenkinsci","apache-httpcomponents-client-4-api-plugin","https://github.com/jenkinsci/apache-httpcomponents-client-4-api-plugin"
"jenkinsci","ansible-plugin","https://github.com/jenkinsci/ansible-plugin"
"jenkinsci","login-theme-plugin","https://github.com/jenkinsci/login-theme-plugin"
"jenkins-infra","jenkins.io","https://github.com/jenkins-infra/jenkins.io"
"jenkinsci","validating-string-parameter-plugin","https://github.com/jenkinsci/validating-string-parameter-plugin"
"jenkins-infra","plugin-site","https://github.com/jenkins-infra/plugin-site"
"jenkinsci","run-condition-plugin","https://github.com/jenkinsci/run-condition-plugin"
"jenkinsci","console-column-plugin","https://github.com/jenkinsci/console-column-plugin"
"jenkinsci","design-library-plugin","https://github.com/jenkinsci/design-library-plugin"
"jenkinsci","active-choices-plugin","https://github.com/jenkinsci/active-choices-plugin"
"jenkinsci","docker-inbound-agent","https://github.com/jenkinsci/docker-inbound-agent"
"jenkinsci","docker-agent","https://github.com/jenkinsci/docker-agent"
"jenkinsci","job-dsl-plugin","https://github.com/jenkinsci/job-dsl-plugin"
"jenkins-infra","account-app","https://github.com/jenkins-infra/account-app"
"jenkinsci","global-build-stats-plugin","https://github.com/jenkinsci/global-build-stats-plugin"
"jenkinsci","maven-hpi-plugin","https://github.com/jenkinsci/maven-hpi-plugin"
"jenkinsci","docker-plugin","https://github.com/jenkinsci/docker-plugin"
"jenkinsci","lockable-resources-plugin","https://github.com/jenkinsci/lockable-resources-plugin"
"jenkinsci","job-config-history-plugin","https://github.com/jenkinsci/job-config-history-plugin"
"jenkinsci","checks-api-plugin","https://github.com/jenkinsci/checks-api-plugin"
"jenkinsci","idea-stapler-plugin","https://github.com/jenkinsci/idea-stapler-plugin"
"jenkinsci","packaging","https://github.com/jenkinsci/packaging"
"jenkinsci","lib-annotation-indexer","https://github.com/jenkinsci/lib-annotation-indexer"
"jenkinsci","jenkins-test-harness","https://github.com/jenkinsci/jenkins-test-harness"
"jenkinsci","code-coverage-api-plugin","https://github.com/jenkinsci/code-coverage-api-plugin"
"jenkinsci","reverse-proxy-auth-plugin","https://github.com/jenkinsci/reverse-proxy-auth-plugin"
"jenkinsci","analysis-model","https://github.com/jenkinsci/analysis-model"
"jenkins-infra","jenkins-io-components","https://github.com/jenkins-infra/jenkins-io-components"
"jenkinsci","parameterized-trigger-plugin","https://github.com/jenkinsci/parameterized-trigger-plugin"
"jenkinsci","data-tables-api-plugin","https://github.com/jenkinsci/data-tables-api-plugin"
"jenkinsci","warnings-ng-plugin","https://github.com/jenkinsci/warnings-ng-plugin"
"jenkinsci","forensics-api-plugin","https://github.com/jenkinsci/forensics-api-plugin"
"jenkinsci","jenkinsfile-runner","https://github.com/jenkinsci/jenkinsfile-runner"
"jenkinsci","conditional-buildstep-plugin","https://github.com/jenkinsci/conditional-buildstep-plugin"
"jenkinsci","jellydoc-maven-plugin","https://github.com/jenkinsci/jellydoc-maven-plugin"
"jenkinsci","email-ext-plugin","https://github.com/jenkinsci/email-ext-plugin"
"jenkinsci","winstone","https://github.com/jenkinsci/winstone"
"jenkinsci","prometheus-plugin","https://github.com/jenkinsci/prometheus-plugin"
"jenkinsci","kubernetes-credentials-provider-plugin","https://github.com/jenkinsci/kubernetes-credentials-provider-plugin"
"jenkinsci","lib-file-leak-detector","https://github.com/jenkinsci/lib-file-leak-detector"
"jenkinsci","winp","https://github.com/jenkinsci/winp"
"jenkinsci","localization-zh-cn-plugin","https://github.com/jenkinsci/localization-zh-cn-plugin"
"jenkinsci","azure-artifact-manager-plugin","https://github.com/jenkinsci/azure-artifact-manager-plugin"
"jenkinsci","thin-backup-plugin","https://github.com/jenkinsci/thin-backup-plugin"
"jenkinsci","junit-sql-storage-plugin","https://github.com/jenkinsci/junit-sql-storage-plugin"
"jenkinsci","azure-storage-plugin","https://github.com/jenkinsci/azure-storage-plugin"
"jenkinsci","slack-plugin","https://github.com/jenkinsci/slack-plugin"
"jenkinsci","ec2-plugin","https://github.com/jenkinsci/ec2-plugin"
"jenkinsci","maven-snapshot-check-plugin","https://github.com/jenkinsci/maven-snapshot-check-plugin"
"jenkinsci","test-results-analyzer-plugin","https://github.com/jenkinsci/test-results-analyzer-plugin"
"jenkinsci","configurationslicing-plugin","https://github.com/jenkinsci/configurationslicing-plugin"
"jenkinsci","cvs-plugin","https://github.com/jenkinsci/cvs-plugin"
"jenkinsci","job-restrictions-plugin","https://github.com/jenkinsci/job-restrictions-plugin"
"jenkinsci","pollscm-plugin","https://github.com/jenkinsci/pollscm-plugin"
"jenkinsci","msbuild-plugin","https://github.com/jenkinsci/msbuild-plugin"
"jenkinsci","build-timestamp-plugin","https://github.com/jenkinsci/build-timestamp-plugin"
"jenkins-infra","docker-inbound-agents","https://github.com/jenkins-infra/docker-inbound-agents"
"jenkinsci","mercurial-plugin","https://github.com/jenkinsci/mercurial-plugin"
"jenkinsci","http-request-plugin","https://github.com/jenkinsci/http-request-plugin"
"jenkinsci","badge-plugin","https://github.com/jenkinsci/badge-plugin"
"jenkinsci","promoted-builds-plugin","https://github.com/jenkinsci/promoted-builds-plugin"
"jenkinsci","gitlab-oauth-plugin","https://github.com/jenkinsci/gitlab-oauth-plugin"
"jenkinsci","github-oauth-plugin","https://github.com/jenkinsci/github-oauth-plugin"
"jenkinsci","parameterized-scheduler-plugin","https://github.com/jenkinsci/parameterized-scheduler-plugin"
"jenkinsci","ionicons-api-plugin","https://github.com/jenkinsci/ionicons-api-plugin"
"jenkinsci","emailext-template-plugin","https://github.com/jenkinsci/emailext-template-plugin"
"jenkinsci","plot-plugin","https://github.com/jenkinsci/plot-plugin"
"jenkinsci","artifactdeployer-plugin","https://github.com/jenkinsci/artifactdeployer-plugin"
"jenkinsci","stapler","https://github.com/jenkinsci/stapler"
"jenkinsci","webhook-step-plugin","https://github.com/jenkinsci/webhook-step-plugin"
"jenkinsci","pipeline-graph-view-plugin","https://github.com/jenkinsci/pipeline-graph-view-plugin"
"jenkinsci","remoting","https://github.com/jenkinsci/remoting"
"jenkinsci","dashboard-view-plugin","https://github.com/jenkinsci/dashboard-view-plugin"
"jenkinsci","git-forensics-plugin","https://github.com/jenkinsci/git-forensics-plugin"
"jenkinsci","ecutest-plugin","https://github.com/jenkinsci/ecutest-plugin"
"jenkinsci","credentials-plugin","https://github.com/jenkinsci/credentials-plugin"
"jenkinsci","plugin-compat-tester","https://github.com/jenkinsci/plugin-compat-tester"
"jenkinsci","purge-build-queue-plugin","https://github.com/jenkinsci/purge-build-queue-plugin"
"jenkinsci","configure-job-column-plugin","https://github.com/jenkinsci/configure-job-column-plugin"
"jenkins-infra","ircbot","https://github.com/jenkins-infra/ircbot"
"jenkinsci","envinject-plugin","https://github.com/jenkinsci/envinject-plugin"
"jenkinsci","envinject-lib","https://github.com/jenkinsci/envinject-lib"
"jenkinsci","influxdb-plugin","https://github.com/jenkinsci/influxdb-plugin"
"jenkinsci","compact-columns-plugin","https://github.com/jenkinsci/compact-columns-plugin"
"jenkinsci","amazon-ecr-plugin","https://github.com/jenkinsci/amazon-ecr-plugin"
"jenkinsci","dotcoverrunner-plugin","https://github.com/jenkinsci/dotcoverrunner-plugin"
"jenkinsci","cloudevents-plugin","https://github.com/jenkinsci/cloudevents-plugin"
"jenkinsci","folder-auth-plugin","https://github.com/jenkinsci/folder-auth-plugin"
"jenkinsci","digitalocean-plugin","https://github.com/jenkinsci/digitalocean-plugin"
"jenkinsci","envinject-api-plugin","https://github.com/jenkinsci/envinject-api-plugin"
"jenkinsci","JiraTestResultReporter-plugin","https://github.com/jenkinsci/JiraTestResultReporter-plugin"
"jenkinsci","config-driven-pipeline-plugin","https://github.com/jenkinsci/config-driven-pipeline-plugin"
"jenkinsci","custom-war-packager","https://github.com/jenkinsci/custom-war-packager"
"jenkins-infra","plugin-site-api","https://github.com/jenkins-infra/plugin-site-api"
"jenkinsci","managed-scripts-plugin","https://github.com/jenkinsci/managed-scripts-plugin"
"jenkinsci","ci.jenkins.io-runner","https://github.com/jenkinsci/ci.jenkins.io-runner"
"jenkinsci","pipeline-restful-api-plugin","https://github.com/jenkinsci/pipeline-restful-api-plugin"
"jenkinsci","label-linked-jobs-plugin","https://github.com/jenkinsci/label-linked-jobs-plugin"
"jenkins-infra","jenkins-hacktoberfest-stats","https://github.com/jenkins-infra/jenkins-hacktoberfest-stats"
"jenkins-infra","jenkins-wiki-exporter","https://github.com/jenkins-infra/jenkins-wiki-exporter"
"jenkinsci","seleniumhtmlreport-plugin","https://github.com/jenkinsci/seleniumhtmlreport-plugin"
"jenkinsci","jenkinsfile-runner-github-actions","https://github.com/jenkinsci/jenkinsfile-runner-github-actions"
"jenkinsci","jenkinsfile-runner-image-packs","https://github.com/jenkinsci/jenkinsfile-runner-image-packs"
