org,name,url
"jenkinsci","configuration-as-code-plugin","https://github.com/jenkinsci/configuration-as-code-plugin"
"jenkinsci","azure-storage-plugin","https://github.com/jenkinsci/azure-storage-plugin"
"jenkins-infra","jenkins.io","https://github.com/jenkins-infra/jenkins.io"
"jenkinsci","jenkins","https://github.com/jenkinsci/jenkins"
"jenkinsci","docker-agent","https://github.com/jenkinsci/docker-agent"
"jenkins-infra","docs.jenkins.io","https://github.com/jenkins-infra/docs.jenkins.io"
"jenkins-infra","contributor-spotlight","https://github.com/jenkins-infra/contributor-spotlight"
"jenkinsci","docker","https://github.com/jenkinsci/docker"
"jenkins-infra","docker-inbound-agents","https://github.com/jenkins-infra/docker-inbound-agents"
"jenkinsci","job-config-history-plugin","https://github.com/jenkinsci/job-config-history-plugin"
"jenkinsci","ansible-plugin","https://github.com/jenkinsci/ansible-plugin"
"jenkinsci","jellydoc-maven-plugin","https://github.com/jenkinsci/jellydoc-maven-plugin"
"jenkinsci","analysis-model","https://github.com/jenkinsci/analysis-model"
"jenkinsci","warnings-ng-plugin","https://github.com/jenkinsci/warnings-ng-plugin"
"jenkinsci","plugin-modernizer-tool","https://github.com/jenkinsci/plugin-modernizer-tool"
"jenkinsci","slack-plugin","https://github.com/jenkinsci/slack-plugin"
"jenkinsci","dark-theme-plugin","https://github.com/jenkinsci/dark-theme-plugin"
"jenkinsci","github-checks-plugin","https://github.com/jenkinsci/github-checks-plugin"
"jenkinsci","azure-artifact-manager-plugin","https://github.com/jenkinsci/azure-artifact-manager-plugin"
"jenkinsci","azure-vm-agents-plugin","https://github.com/jenkinsci/azure-vm-agents-plugin"
"jenkinsci","azure-container-agents-plugin","https://github.com/jenkinsci/azure-container-agents-plugin"
"jenkinsci","azure-credentials-plugin","https://github.com/jenkinsci/azure-credentials-plugin"
"jenkinsci","plugin-installation-manager-tool","https://github.com/jenkinsci/plugin-installation-manager-tool"
"jenkinsci","junit-sql-storage-plugin","https://github.com/jenkinsci/junit-sql-storage-plugin"
"jenkinsci","azure-ad-plugin","https://github.com/jenkinsci/azure-ad-plugin"
"jenkinsci","embeddable-build-status-plugin","https://github.com/jenkinsci/embeddable-build-status-plugin"
"jenkinsci","jobcacher-plugin","https://github.com/jenkinsci/jobcacher-plugin"
"jenkinsci","artifactory-artifact-manager-plugin","https://github.com/jenkinsci/artifactory-artifact-manager-plugin"
"jenkinsci","versioncolumn-plugin","https://github.com/jenkinsci/versioncolumn-plugin"
"jenkinsci","priority-sorter-plugin","https://github.com/jenkinsci/priority-sorter-plugin"
"jenkinsci","nodelabelparameter-plugin","https://github.com/jenkinsci/nodelabelparameter-plugin"
"jenkinsci","scm-filter-aged-refs-plugin","https://github.com/jenkinsci/scm-filter-aged-refs-plugin"
"jenkins-infra","stats.jenkins.io","https://github.com/jenkins-infra/stats.jenkins.io"
"jenkinsci","checks-api-plugin","https://github.com/jenkinsci/checks-api-plugin"
"jenkinsci","winstone","https://github.com/jenkinsci/winstone"
"jenkinsci","thin-backup-plugin","https://github.com/jenkinsci/thin-backup-plugin"
"jenkinsci","junit-plugin","https://github.com/jenkinsci/junit-plugin"
"jenkinsci","mail-watcher-plugin","https://github.com/jenkinsci/mail-watcher-plugin"
"jenkinsci","azure-cosmosdb-plugin","https://github.com/jenkinsci/azure-cosmosdb-plugin"
"jenkins-infra","plugin-site-api","https://github.com/jenkins-infra/plugin-site-api"
"jenkinsci","jobcacher-azure-storage-plugin","https://github.com/jenkinsci/jobcacher-azure-storage-plugin"
"jenkinsci","junit-attachments-plugin","https://github.com/jenkinsci/junit-attachments-plugin"
"jenkinsci","pipeline-as-yaml-plugin","https://github.com/jenkinsci/pipeline-as-yaml-plugin"
"jenkinsci","design-library-plugin","https://github.com/jenkinsci/design-library-plugin"
"jenkinsci","idea-stapler-plugin","https://github.com/jenkinsci/idea-stapler-plugin"
"jenkinsci","junit-realtime-test-reporter-plugin","https://github.com/jenkinsci/junit-realtime-test-reporter-plugin"
"jenkinsci","theme-manager-plugin","https://github.com/jenkinsci/theme-manager-plugin"
"jenkinsci","docker-inbound-agent","https://github.com/jenkinsci/docker-inbound-agent"
