org,repository,is_hacktoberfest_repo,url,state,created_at,merged_at,user.login,is_hacktoberfest_labeled,approved,spam,invalid,hacktoberfest_complete,title
"jenkinsci","jenkins",true,"https://github.com/jenkinsci/jenkins/pull/9810","closed","2024-10-01T19:44:33Z","2024-10-12T12:06:18Z","dwnusbaum",false,false,false,false,1,"[JENKINS-73835] Do not allow builds to be deleted while they are still running and ensure build discarders run after builds are fully complete"
"jenkinsci","scm-filter-aged-refs-plugin",true,"https://github.com/jenkinsci/scm-filter-aged-refs-plugin/pull/43","closed","2024-10-06T19:32:00Z","2024-10-18T19:02:59Z","TobiX",false,false,false,false,1,"Use proper pull request API"
"jenkinsci","docker-agent",true,"https://github.com/jenkinsci/docker-agent/pull/888","closed","2024-10-02T12:15:56Z","2024-10-02T13:51:31Z","shenxianpeng",false,false,false,false,1,"docs: update README_agent.md to fix broken link"
"jenkinsci","docker-agent",true,"https://github.com/jenkinsci/docker-agent/pull/889","closed","2024-10-03T07:36:24Z","2024-10-03T09:03:25Z","lemeurherveCB",false,false,false,false,1,"doc: use absolute link in README_agent.md"
"jenkinsci","warnings-ng-plugin",true,"https://github.com/jenkinsci/warnings-ng-plugin/pull/1851","closed","2024-10-05T18:50:29Z","2024-10-16T18:08:37Z","uhafner",false,false,false,false,1,"Use the parser category to assign different action icons"
"jenkinsci","jenkins",true,"https://github.com/jenkinsci/jenkins/pull/9836","open","2024-10-06T22:33:23Z",,"DerSimeon",false,false,false,false,0,"feat: JENKINS-73837 - Adjusted DirScanner to allow empty directories in the TarArchiver"
"jenkinsci","azure-vm-agents-plugin",true,"https://github.com/jenkinsci/azure-vm-agents-plugin/pull/565","closed","2024-10-07T10:08:07Z","2024-10-15T08:38:01Z","gdams",false,false,false,false,1,"add support for installing QEMU"
"jenkinsci","jenkins",true,"https://github.com/jenkinsci/jenkins/pull/9813","closed","2024-10-02T09:19:45Z","2024-10-14T18:23:01Z","Vlatombe",false,false,false,false,1,"Create a new taglib to capture the save/apply bottom bar"
"jenkinsci","jenkins",true,"https://github.com/jenkinsci/jenkins/pull/9833","closed","2024-10-06T14:09:20Z","2024-10-14T08:09:20Z","janfaracik",false,false,false,false,1,"Refine content and appearance of the 'Edit View' screen"
"jenkinsci","jenkins",true,"https://github.com/jenkinsci/jenkins/pull/9809","closed","2024-10-01T17:47:59Z","2024-10-13T10:34:59Z","basil",false,false,false,false,1,"Add tests for empty directory in tar and zip archives"
"jenkinsci","docker-agent",true,"https://github.com/jenkinsci/docker-agent/pull/890","closed","2024-10-06T19:24:42Z","2024-10-12T19:07:30Z","MarkEWaite",false,false,false,false,1,"Remove Java 11 support"
"jenkinsci","jenkins",true,"https://github.com/jenkinsci/jenkins/pull/9823","closed","2024-10-03T18:24:20Z","2024-10-12T18:46:18Z","basil",false,false,false,false,1,"Move Webpack build to the same Maven module from which it is invoked"
"jenkinsci","azure-ad-plugin",true,"https://github.com/jenkinsci/azure-ad-plugin/pull/628","closed","2024-10-07T08:22:34Z","2024-10-12T17:55:21Z","gjasny",false,false,false,false,1,"feat: optionally add domain_hint"
"jenkinsci","jenkins",true,"https://github.com/jenkinsci/jenkins/pull/9841","closed","2024-10-07T17:55:11Z","2024-10-12T15:59:27Z","basil",false,false,false,false,1,"Winstone 8.2: Upgrade Jetty from 12.0.13 to Jetty 12.0.14"
"jenkinsci","docker-plugin",false,"https://github.com/jenkinsci/docker-plugin/pull/1105","closed","2024-10-07T10:49:49Z","2024-10-12T12:46:39Z","kirk-fitz",true,true,false,false,1,"Add docker run --dns-search flag to agent template"
"jenkinsci","docker",true,"https://github.com/jenkinsci/docker/pull/1937","closed","2024-10-06T15:59:57Z","2024-10-06T17:14:37Z","MarkEWaite",false,false,false,false,1,"Remove Java 11 support"
"jenkinsci","jenkins",true,"https://github.com/jenkinsci/jenkins/pull/9835","closed","2024-10-06T15:10:18Z","2024-10-07T13:53:30Z","janfaracik",false,false,false,false,1,"Fix dropdowns being added multiple times to the same element"
"jenkinsci","junit-plugin",true,"https://github.com/jenkinsci/junit-plugin/pull/654","closed","2024-10-06T22:56:09Z","2024-10-07T15:56:06Z","shlomomdahan",false,false,false,false,1," [JENKINS-69658] - CSP compatibility for summary.jelly"
"jenkinsci","plugin-modernizer-tool",true,"https://github.com/jenkinsci/plugin-modernizer-tool/pull/295","closed","2024-10-05T08:02:41Z","2024-10-09T05:13:39Z","jonesbusy",false,false,false,false,1,"Support GitHub app authentication"
"jenkinsci","plugin-modernizer-tool",true,"https://github.com/jenkinsci/plugin-modernizer-tool/pull/306","closed","2024-10-07T06:39:08Z","2024-10-08T03:52:52Z","jonesbusy",false,false,false,false,1,"Increment recommanded version"
"jenkinsci","slack-plugin",true,"https://github.com/jenkinsci/slack-plugin/pull/1016","closed","2024-10-07T21:10:49Z","2024-10-07T21:17:35Z","timja",false,false,false,false,1,"Fix uploading file to thread"
"jenkinsci","jobcacher-plugin",true,"https://github.com/jenkinsci/jobcacher-plugin/pull/363","closed","2024-10-07T06:58:24Z","2024-10-07T08:29:48Z","jonesbusy",false,false,false,false,1,"Require minimum 2.462.3"
"jenkinsci","jenkins",true,"https://github.com/jenkinsci/jenkins/pull/9830","closed","2024-10-05T20:04:53Z","2024-10-06T22:06:30Z","MarkEWaite",false,false,false,false,1,"Backporting for 2.479.1"
"jenkinsci","gitlab-oauth-plugin",false,"https://github.com/jenkinsci/gitlab-oauth-plugin/pull/157","closed","2024-10-06T22:11:05Z","2024-10-06T22:21:09Z","krisstern",true,true,false,false,1,"chore: update jenkins version to 2.452.4"
"jenkinsci","job-config-history-plugin",true,"https://github.com/jenkinsci/job-config-history-plugin/pull/337","closed","2024-10-05T10:02:09Z","2024-10-06T13:38:40Z","mkemmerz",false,false,false,false,1,"cleanup of tests, remove ignore and unused tests, improved test docs"
"jenkinsci","docker",true,"https://github.com/jenkinsci/docker/pull/1936","closed","2024-10-06T12:52:37Z","2024-10-06T13:23:44Z","MarkEWaite",false,false,false,false,1,"fix: Adapt to recent changes in JDK download URL response"
"jenkinsci","plugin-modernizer-tool",true,"https://github.com/jenkinsci/plugin-modernizer-tool/pull/299","closed","2024-10-06T10:56:05Z","2024-10-06T12:34:40Z","jonesbusy",false,false,false,false,1,"Add recipe to migrate to latest LTS supporting Java 11"
"jenkinsci","plugin-modernizer-tool",true,"https://github.com/jenkinsci/plugin-modernizer-tool/pull/298","closed","2024-10-06T09:30:02Z","2024-10-06T10:21:39Z","jonesbusy",false,false,false,false,1,"Add guice IoC for dependencies injection"
"jenkinsci","plugin-modernizer-tool",true,"https://github.com/jenkinsci/plugin-modernizer-tool/pull/297","closed","2024-10-06T04:47:06Z","2024-10-06T05:03:52Z","jonesbusy",false,false,false,false,1,"2.479.1 is the first LTS dropping Java 11 support"
"jenkinsci","plugin-modernizer-tool",true,"https://github.com/jenkinsci/plugin-modernizer-tool/pull/296","closed","2024-10-05T15:22:18Z","2024-10-05T15:39:06Z","jonesbusy",false,false,false,false,1,"Allow target organisation override"
"jenkinsci","jenkins",true,"https://github.com/jenkinsci/jenkins/pull/9827","closed","2024-10-04T01:09:06Z","2024-10-05T10:34:10Z","basil",false,false,false,false,1," Override the outdated managed dependency on `asm` in `guice-parent`"
"jenkinsci","artifactory-artifact-manager-plugin",true,"https://github.com/jenkinsci/artifactory-artifact-manager-plugin/pull/72","closed","2024-10-04T16:55:42Z","2024-10-04T17:58:43Z","jonesbusy",false,false,false,false,1,"Applied recipes UpgradeBomVersion"
"jenkinsci","junit-attachments-plugin",true,"https://github.com/jenkinsci/junit-attachments-plugin/pull/140","closed","2024-10-04T17:26:59Z","2024-10-04T17:58:04Z","jonesbusy",false,false,false,false,1,"Applied recipes UpgradeBomVersion"
"jenkinsci","plugin-modernizer-tool",true,"https://github.com/jenkinsci/plugin-modernizer-tool/pull/293","closed","2024-10-04T10:20:23Z","2024-10-04T10:33:48Z","jonesbusy",false,false,false,false,1,"Ensure to remove maven.compiler.release when upgrading to 5.X of parent pom"
"jenkinsci","plugin-modernizer-tool",true,"https://github.com/jenkinsci/plugin-modernizer-tool/pull/292","closed","2024-10-04T09:28:37Z","2024-10-04T10:33:30Z","jonesbusy",false,false,false,false,1,"Run spotless if needed after modernization"
"jenkinsci","azure-vm-agents-plugin",true,"https://github.com/jenkinsci/azure-vm-agents-plugin/pull/564","closed","2024-10-04T08:31:03Z","2024-10-04T09:21:45Z","gdams",false,false,false,false,1,"Update basic templates default Java version to JDK 17"
"jenkinsci","plugin-modernizer-tool",true,"https://github.com/jenkinsci/plugin-modernizer-tool/pull/290","closed","2024-10-04T05:23:58Z","2024-10-04T06:16:30Z","jonesbusy",false,false,false,false,1,"Add support for --draft option to open a PR in draft mode"
"jenkinsci","plugin-modernizer-tool",true,"https://github.com/jenkinsci/plugin-modernizer-tool/pull/289","closed","2024-10-04T04:54:16Z","2024-10-04T05:38:19Z","jonesbusy",false,false,false,false,1,"Add recipe to move to next parent version 5.x requiring 2.479 and Java 17"
"jenkinsci","jenkins",true,"https://github.com/jenkinsci/jenkins/pull/9822","closed","2024-10-03T18:02:36Z","2024-10-03T18:51:38Z","tj90241",false,false,false,false,1,"Account for new Maven version requirement"
"jenkinsci","jenkins",true,"https://github.com/jenkinsci/jenkins/pull/9815","closed","2024-10-02T17:40:25Z","2024-10-03T17:59:47Z","basil",false,false,false,false,1,"`mvn clean` should clean frontend artifacts"
"jenkinsci","plugin-modernizer-tool",true,"https://github.com/jenkinsci/plugin-modernizer-tool/pull/287","closed","2024-10-02T13:59:56Z","2024-10-02T15:59:14Z","gounthar",false,false,false,false,1,"chore(maven): Add Jenkins and BOM Versions to Properties"
"jenkinsci","jobcacher-plugin",true,"https://github.com/jenkinsci/jobcacher-plugin/pull/357","closed","2024-10-02T05:21:22Z","2024-10-02T08:20:28Z","jonesbusy",true,true,false,false,1,"Replace common compress by API plugin"
"jenkinsci","pipeline-maven-plugin",false,"https://github.com/jenkinsci/pipeline-maven-plugin/pull/839","closed","2024-10-01T16:27:45Z","2024-10-02T05:54:50Z","jonesbusy",true,true,false,false,1,"[JENKINS-73831] Replace some logos by svg symbols"
"jenkinsci","jobcacher-plugin",true,"https://github.com/jenkinsci/jobcacher-plugin/pull/356","closed","2024-10-02T03:29:49Z","2024-10-02T05:13:54Z","jonesbusy",false,false,false,false,1,"Upgrade to 2.462 baseline and use JobDSL bom version"
"jenkinsci","pipeline-as-yaml-plugin",true,"https://github.com/jenkinsci/pipeline-as-yaml-plugin/pull/111","closed","2024-10-02T03:08:33Z","2024-10-02T04:55:45Z","jonesbusy",false,false,false,false,1,"Update bom and fix CpsFlowExecution definition due to FormException"
"jenkinsci","job-config-history-plugin",true,"https://github.com/jenkinsci/job-config-history-plugin/pull/336","closed","2024-10-01T14:04:11Z","2024-10-01T20:21:42Z","schulmak",true,true,false,false,1,"feat: update screenshots"
"jenkinsci","plugin-modernizer-tool",true,"https://github.com/jenkinsci/plugin-modernizer-tool/pull/286","closed","2024-10-01T16:33:31Z","2024-10-01T17:00:09Z","jonesbusy",false,false,false,false,1,"Do not fail if plugin not found on PHS"
"jenkins-infra","jenkins.io",true,"https://github.com/jenkins-infra/jenkins.io/pull/7577","closed","2024-10-03T05:08:43Z","2024-10-30T14:06:02Z","Dohbedoh",false,false,false,false,1,"Add websocket configuration for apache reverse proxy"
"jenkins-infra","docs.jenkins.io",true,"https://github.com/jenkins-infra/docs.jenkins.io/pull/113","closed","2024-10-07T18:37:24Z","2024-10-09T18:21:33Z","Allan2000-Git",true,true,false,false,1,"feat: Added remaining supporters from jenkins homepage"
"jenkins-infra","contributor-spotlight",true,"https://github.com/jenkins-infra/contributor-spotlight/pull/200","closed","2024-10-06T20:45:31Z","2024-10-09T12:40:58Z","krisstern",true,true,false,false,1,"feat: update deprecated husky command"
"jenkins-infra","jenkins.io",true,"https://github.com/jenkins-infra/jenkins.io/pull/7586","open","2024-10-06T08:57:24Z",,"azarboon",false,false,false,false,0,"Created a new blog post"
"jenkins-infra","contributor-spotlight",true,"https://github.com/jenkins-infra/contributor-spotlight/pull/198","closed","2024-10-06T19:28:13Z","2024-10-06T20:20:54Z","krisstern",true,true,false,false,1,"feat: update thank-you message date format plus some other chores"
"jenkins-infra","jenkins.io",true,"https://github.com/jenkins-infra/jenkins.io/pull/7581","closed","2024-10-05T12:15:15Z","2024-10-05T12:47:32Z","MarkEWaite",false,false,false,false,1,"Add banner to 2.462.3 LTS changelog for end of Java 11 support"
"jenkins-infra","jenkins.io",true,"https://github.com/jenkins-infra/jenkins.io/pull/7578","closed","2024-10-03T14:05:30Z","2024-10-03T14:12:00Z","MarkEWaite",false,false,false,false,1,"Add a register now button to candidate statements"
"jenkins-infra","jenkins.io",true,"https://github.com/jenkins-infra/jenkins.io/pull/7579","closed","2024-10-03T17:50:31Z","2024-10-03T17:57:56Z","MarkEWaite",false,false,false,false,1,"Match indentation of automatic changelog YAML formatter"
"jenkins-infra","stats.jenkins.io",true,"https://github.com/jenkins-infra/stats.jenkins.io/pull/190","closed","2024-10-04T08:06:24Z","2024-10-04T14:55:12Z","varshadr",true,true,false,false,1,"fix: resolve search functionality across multiple pages"
"jenkins-infra","jenkins.io",true,"https://github.com/jenkins-infra/jenkins.io/pull/7565","closed","2024-10-01T02:37:12Z","2024-10-04T12:40:42Z","MarkEWaite",false,false,false,false,1,"Announce Alpha-Omega grant for 3 month's CSP work"
"jenkins-infra","docs.jenkins.io",true,"https://github.com/jenkins-infra/docs.jenkins.io/pull/106","closed","2024-10-03T16:55:30Z","2024-10-03T18:30:34Z","Vandit1604",true,true,false,false,1,"Add code for the rest of the site"
"jenkins-infra","stats.jenkins.io",true,"https://github.com/jenkins-infra/stats.jenkins.io/pull/189","closed","2024-10-02T20:35:41Z","2024-10-03T14:25:54Z","720Florian",true,true,false,false,1,"Fix favicon aspect ratio issue and Add Favicon and Apple Touch Icons"
"jenkins-infra","jenkins.io",true,"https://github.com/jenkins-infra/jenkins.io/pull/7576","closed","2024-10-02T21:10:13Z","2024-10-03T09:01:07Z","Dohbedoh",false,false,false,false,1,"Fix 2.462.3 upgrade guide"
"jenkins-infra","jenkins.io",true,"https://github.com/jenkins-infra/jenkins.io/pull/7574","closed","2024-10-02T14:25:20Z","2024-10-02T14:38:42Z","MarkEWaite",false,false,false,false,1,"Fix broken internal link to Oleg statement"
"jenkins-infra","jenkins.io",true,"https://github.com/jenkins-infra/jenkins.io/pull/7567","closed","2024-10-01T19:12:55Z","2024-10-01T21:40:45Z","StefanSpieker",false,false,false,false,1,"Updated the status of Blue Ocean"
"jenkins-infra","jenkins.io",true,"https://github.com/jenkins-infra/jenkins.io/pull/7566","closed","2024-10-01T10:58:16Z","2024-10-01T11:07:08Z","oleg-nenashev",false,false,false,false,1,"Update @oleg-nenashev's bio"
"jenkinsci","nodelabelparameter-plugin",true,"https://github.com/jenkinsci/nodelabelparameter-plugin/pull/348","open","2024-10-11T03:48:37Z",,"MarkEWaite",false,false,false,false,0,"Require Jenkins 2.479.1 or newer"
"jenkinsci","jenkins",true,"https://github.com/jenkinsci/jenkins/pull/9855","closed","2024-10-11T13:45:16Z","2024-10-15T15:32:02Z","Vlatombe",false,false,false,false,1,"[JENKINS-30101][JENKINS-30175] Simplify persistence design for temporarily offline status"
"jenkinsci","warnings-ng-plugin",true,"https://github.com/jenkinsci/warnings-ng-plugin/pull/1859","closed","2024-10-11T13:12:30Z","2024-10-15T14:25:49Z","yaroslavafenkin",false,false,false,false,1,"[JENKINS-73894] Un-inline JavaScript in IssuesChartPortlet/portlet.jelly"
"jenkinsci","azure-credentials-plugin",true,"https://github.com/jenkinsci/azure-credentials-plugin/pull/265","closed","2024-10-14T17:59:43Z","2024-10-14T20:42:07Z","schulmak",false,false,false,false,1,"feat: removed unused html, moved html for better caching and remove d…"
"jenkinsci","jenkins",true,"https://github.com/jenkinsci/jenkins/pull/9858","closed","2024-10-12T13:22:45Z","2024-10-12T17:25:09Z","MarkEWaite",false,false,false,false,1,"Backporting for 2.479.1 (part 2)"
"jenkinsci","plugin-modernizer-tool",true,"https://github.com/jenkinsci/plugin-modernizer-tool/pull/330","closed","2024-10-14T11:47:56Z","2024-10-14T12:52:57Z","jonesbusy",false,false,false,false,1,"Flag for adoption"
"jenkinsci","docker-plugin",false,"https://github.com/jenkinsci/docker-plugin/pull/1106","closed","2024-10-12T14:44:34Z","2024-10-12T14:56:00Z","krisstern",true,true,false,false,1,"chore: update jenkins.version in pom.xml to 2.452.4"
"jenkinsci","artifactory-artifact-manager-plugin",true,"https://github.com/jenkinsci/artifactory-artifact-manager-plugin/pull/75","closed","2024-10-14T07:55:31Z","2024-10-14T08:05:24Z","jonesbusy",false,false,false,false,1,"Applied recipes DeleteUpdateCliWorkflows"
"jenkinsci","jenkins",true,"https://github.com/jenkinsci/jenkins/pull/9852","closed","2024-10-11T01:21:54Z","2024-10-12T12:06:47Z","jglick",false,false,false,false,1,"Correctly iterate `IComputer`s from `ComputerSet/index.jelly`"
"jenkinsci","plugin-modernizer-tool",true,"https://github.com/jenkinsci/plugin-modernizer-tool/pull/326","closed","2024-10-13T14:27:36Z","2024-10-13T14:49:08Z","jonesbusy",false,false,false,false,1,"Handle deleted files and add some logs"
"jenkinsci","ansible-plugin",true,"https://github.com/jenkinsci/ansible-plugin/pull/271","closed","2024-10-13T13:39:36Z","2024-10-13T14:25:44Z","jonesbusy",false,false,false,false,1,"Applied recipes DeleteUpdateCliWorkflows"
"jenkinsci","plugin-modernizer-tool",true,"https://github.com/jenkinsci/plugin-modernizer-tool/pull/325","closed","2024-10-13T10:08:04Z","2024-10-13T13:06:48Z","jonesbusy",false,false,false,false,1,"Add option to skip build"
"jenkinsci","plugin-modernizer-tool",true,"https://github.com/jenkinsci/plugin-modernizer-tool/pull/324","closed","2024-10-13T09:52:52Z","2024-10-13T12:10:53Z","jonesbusy",false,false,false,false,1,"Add recipe to delete updatecli workflows"
"jenkinsci","ansible-plugin",true,"https://github.com/jenkinsci/ansible-plugin/pull/265","closed","2024-10-13T09:36:59Z","2024-10-13T09:47:07Z","jonesbusy",false,false,false,false,1,"Use jenkins.baseline"
"jenkinsci","azure-ad-plugin",true,"https://github.com/jenkinsci/azure-ad-plugin/pull/630","closed","2024-10-12T18:40:04Z","2024-10-12T18:42:59Z","timja",false,false,false,false,1,"Handle domains with the word configure in them"
"jenkinsci","jobcacher-plugin",true,"https://github.com/jenkinsci/jobcacher-plugin/pull/364","closed","2024-10-12T15:48:41Z","2024-10-12T16:23:06Z","jonesbusy",false,false,false,false,1,"Applied recipes UpgradeBomVersion"
"jenkinsci","plugin-modernizer-tool",true,"https://github.com/jenkinsci/plugin-modernizer-tool/pull/323","closed","2024-10-12T11:51:38Z","2024-10-12T15:34:42Z","jonesbusy",false,false,false,false,1,"New datasource for metadata related to plugin installation"
"jenkinsci","ansible-plugin",true,"https://github.com/jenkinsci/ansible-plugin/pull/264","closed","2024-10-12T15:23:29Z","2024-10-12T15:47:41Z","jonesbusy",false,false,false,false,1,"Applied recipes UpgradeBomVersion"
"jenkinsci","plugin-modernizer-tool",true,"https://github.com/jenkinsci/plugin-modernizer-tool/pull/322","closed","2024-10-12T09:16:25Z","2024-10-12T10:38:52Z","jonesbusy",false,false,false,false,1,"Extract some other utils for health score and version to common service"
"jenkinsci","plugin-modernizer-tool",true,"https://github.com/jenkinsci/plugin-modernizer-tool/pull/321","closed","2024-10-11T19:46:47Z","2024-10-12T07:54:05Z","gounthar",false,false,false,false,1,"fix(jdk7): Remove comments associated with deleted properties in pom.xml"
"jenkinsci","job-config-history-plugin",true,"https://github.com/jenkinsci/job-config-history-plugin/pull/341","closed","2024-10-12T02:42:33Z","2024-10-12T06:16:25Z","basil",false,false,false,false,1,"Upgrade Mockito from 1.x to 5.x"
"jenkinsci","plugin-modernizer-tool",true,"https://github.com/jenkinsci/plugin-modernizer-tool/pull/317","closed","2024-10-10T12:13:28Z","2024-10-11T05:36:38Z","jonesbusy",false,false,false,false,1,"Improve and add more metadata flags"
"jenkinsci","plugin-installation-manager-tool",true,"https://github.com/jenkinsci/plugin-installation-manager-tool/pull/728","closed","2024-10-10T20:57:30Z","2024-10-10T21:07:51Z","timja",false,false,false,false,1,"Prefer per plugin url over JENKINS_UC_DOWNLOAD_URL"
"jenkinsci","job-config-history-plugin",true,"https://github.com/jenkinsci/job-config-history-plugin/pull/338","closed","2024-10-09T15:00:31Z","2024-10-10T17:53:03Z","shlomomdahan",false,false,false,false,1,"[JENKINS-73883] Un-inline JavaScript in `history.jelly` and `index.jelly`"
"jenkinsci","job-config-history-plugin",true,"https://github.com/jenkinsci/job-config-history-plugin/pull/340","closed","2024-10-10T18:02:33Z","2024-10-10T18:02:41Z","basil",false,false,false,false,1,"Remove commons-net dependency from dependency management section"
"jenkinsci","plugin-modernizer-tool",true,"https://github.com/jenkinsci/plugin-modernizer-tool/pull/314","closed","2024-10-10T07:26:22Z","2024-10-10T15:27:56Z","gounthar",false,false,false,false,1,"feat(java): Helps with the migration of legacy plugins' pom.xml to JDK8."
"jenkinsci","winstone",true,"https://github.com/jenkinsci/winstone/pull/417","open","2024-10-10T08:45:34Z",,"Vlatombe",false,false,false,false,0,"Tolerate missing keystore password, for example for tests"
"jenkinsci","docker",true,"https://github.com/jenkinsci/docker/pull/1940","closed","2024-10-10T07:04:28Z","2024-10-10T07:04:33Z","timja",false,false,false,false,1,"Label plugin manager update with `dependencies`"
"jenkinsci","docker",true,"https://github.com/jenkinsci/docker/pull/1939","closed","2024-10-10T07:02:00Z","2024-10-10T07:02:14Z","timja",false,false,false,false,1,"Use fixed strings when searching for plugin manager version"
"jenkinsci","plugin-modernizer-tool",true,"https://github.com/jenkinsci/plugin-modernizer-tool/pull/313","closed","2024-10-10T04:09:33Z","2024-10-10T05:48:56Z","jonesbusy",false,false,false,false,1,"Guice for UpdateCenterService"
"jenkinsci","jenkins",true,"https://github.com/jenkinsci/jenkins/pull/9846","open","2024-10-08T19:54:38Z",,"jglick",false,false,false,false,0,"`Job.BuildNumberAssigner`"
"jenkinsci","plugin-modernizer-tool",true,"https://github.com/jenkinsci/plugin-modernizer-tool/pull/310","closed","2024-10-09T05:51:32Z","2024-10-09T07:33:33Z","jonesbusy",false,false,false,false,1,"Add (empty) function to remediate a precondition error of a plugin"
"jenkinsci","azure-vm-agents-plugin",true,"https://github.com/jenkinsci/azure-vm-agents-plugin/pull/568","closed","2024-10-08T18:29:01Z","2024-10-08T18:58:25Z","kmalino66",false,false,false,false,1,"Fix template max"
"jenkinsci","versioncolumn-plugin",true,"https://github.com/jenkinsci/versioncolumn-plugin/pull/270","closed","2024-10-08T16:52:28Z","2024-10-08T17:33:28Z","MarkEWaite",false,false,false,false,1,"Use scm.connection consistent with archetype"
"jenkinsci","priority-sorter-plugin",true,"https://github.com/jenkinsci/priority-sorter-plugin/pull/392","closed","2024-10-08T16:51:33Z","2024-10-08T17:33:19Z","MarkEWaite",false,false,false,false,1,"Use scm.connection consistent with archetype"
"jenkinsci","nodelabelparameter-plugin",true,"https://github.com/jenkinsci/nodelabelparameter-plugin/pull/347","closed","2024-10-08T16:50:52Z","2024-10-08T17:33:11Z","MarkEWaite",false,false,false,false,1,"Use scm.connection consistent with archetype"
"jenkinsci","embeddable-build-status-plugin",true,"https://github.com/jenkinsci/embeddable-build-status-plugin/pull/344","closed","2024-10-08T16:48:22Z","2024-10-08T17:32:48Z","MarkEWaite",false,false,false,false,1,"Use scm.connection consistent with archetype"
"jenkinsci","warnings-ng-plugin",true,"https://github.com/jenkinsci/warnings-ng-plugin/pull/1856","closed","2024-10-08T13:56:09Z","2024-10-08T17:20:59Z","Murl080",false,false,false,false,1,"Correct CLI argument hint for PHPStan"
"jenkinsci","ansible-plugin",true,"https://github.com/jenkinsci/ansible-plugin/pull/263","closed","2024-10-08T05:08:49Z","2024-10-08T08:54:37Z","jonesbusy",false,false,false,false,1,"Update tested ansible versions"
"jenkins-infra","contributor-spotlight",true,"https://github.com/jenkins-infra/contributor-spotlight/pull/203","closed","2024-10-11T20:38:34Z","2024-10-22T19:26:51Z","kmartens27",false,false,false,false,1,"October 22 2024 - Devin Nusbaum contributor spotlight"
"jenkins-infra","jenkins.io",true,"https://github.com/jenkins-infra/jenkins.io/pull/7594","closed","2024-10-08T16:49:00Z","2024-10-22T14:42:47Z","StefanSpieker",false,false,false,false,1,"Update jelly-form-controls.adoc to add possibility for localized help files"
"jenkins-infra","jenkins.io",true,"https://github.com/jenkins-infra/jenkins.io/pull/7602","closed","2024-10-12T15:32:25Z","2024-10-14T08:58:58Z","yashpal2104",true,true,false,false,1,"bug: temporary fix for deadlink in Jenkins on Google Cloud tutorial"
"jenkins-infra","jenkins.io",true,"https://github.com/jenkins-infra/jenkins.io/pull/7606","closed","2024-10-13T15:39:38Z","2024-10-14T20:06:57Z","yashpal2104",false,false,false,false,1,"Updated screenshots for the user guide documentation of scaling jenkins on kubernetes"
"jenkins-infra","docs.jenkins.io",true,"https://github.com/jenkins-infra/docs.jenkins.io/pull/141","closed","2024-10-12T17:46:24Z","2024-10-17T18:50:15Z","adripo",true,true,false,false,1,"feat: add CONTRIBUTING guide"
"jenkins-infra","docs.jenkins.io",true,"https://github.com/jenkins-infra/docs.jenkins.io/pull/135","closed","2024-10-12T15:59:17Z","2024-10-18T05:54:49Z","Brijeshthummar02",true,true,false,false,1,"Update the documentation at ""README.adoc"""
"jenkins-infra","docs.jenkins.io",true,"https://github.com/jenkins-infra/docs.jenkins.io/pull/120","closed","2024-10-11T18:47:11Z","2024-10-17T18:02:53Z","Allan2000-Git",true,true,false,false,1,"fix: specify width of the Blue Ocean image"
"jenkins-infra","jenkins.io",true,"https://github.com/jenkins-infra/jenkins.io/pull/7611","closed","2024-10-14T14:44:26Z","2024-10-17T13:10:58Z","Vidya-2004",false,false,false,false,1,"Remove duplicate lines from Pipeline overview"
"jenkins-infra","contributor-spotlight",true,"https://github.com/jenkins-infra/contributor-spotlight/pull/207","closed","2024-10-14T18:21:34Z","2024-10-16T12:21:46Z","etorres07",true,true,false,false,1,"Add dark mode"
"jenkins-infra","jenkins.io",true,"https://github.com/jenkins-infra/jenkins.io/pull/7612","closed","2024-10-14T18:31:20Z","2024-10-14T18:47:10Z","basil",false,false,false,false,1,"Remove Ukraine messaging"
"jenkins-infra","jenkins.io",true,"https://github.com/jenkins-infra/jenkins.io/pull/7610","closed","2024-10-14T13:34:56Z","2024-10-14T14:31:02Z","MarkEWaite",false,false,false,false,1,"Replace incorrect GCP link on downloads page, update GCP tutorial"
"jenkins-infra","docs.jenkins.io",true,"https://github.com/jenkins-infra/docs.jenkins.io/pull/147","closed","2024-10-13T13:59:57Z","2024-10-14T05:56:38Z","Vandit1604",true,true,false,false,1,"remove public/images"
"jenkins-infra","jenkins.io",true,"https://github.com/jenkins-infra/jenkins.io/pull/7608","closed","2024-10-13T16:31:49Z","2024-10-14T08:53:35Z","NotMyFault",false,false,false,false,1,"Compress images on PRs"
"jenkins-infra","jenkins.io",true,"https://github.com/jenkins-infra/jenkins.io/pull/7607","closed","2024-10-13T16:12:34Z","2024-10-13T16:22:00Z","NotMyFault",false,false,false,false,1,"Compress images"
"jenkins-infra","jenkins.io",true,"https://github.com/jenkins-infra/jenkins.io/pull/7596","closed","2024-10-10T12:51:43Z","2024-10-10T15:06:27Z","MadalinaM22",false,false,false,false,1,"Update Executor Starvation screenshot"
"jenkins-infra","jenkins.io",true,"https://github.com/jenkins-infra/jenkins.io/pull/7603","closed","2024-10-13T13:14:18Z","2024-10-13T13:29:46Z","MarkEWaite",false,false,false,false,1,"Use dependabot syntax from archetype in ""Improve a plugin"""
"jenkins-infra","plugin-site-api",true,"https://github.com/jenkins-infra/plugin-site-api/pull/157","closed","2024-10-12T21:09:27Z","2024-10-12T21:09:40Z","zbynek",false,false,false,false,1,"Revert ""Update commonmark.version to v0.23.0"""
"jenkins-infra","docs.jenkins.io",true,"https://github.com/jenkins-infra/docs.jenkins.io/pull/114","closed","2024-10-08T14:19:38Z","2024-10-12T18:51:14Z","Allan2000-Git",true,true,false,false,1,"feat: Added remaining supporters SVG's from jenkins homepage"
"jenkins-infra","docs.jenkins.io",true,"https://github.com/jenkins-infra/docs.jenkins.io/pull/134","closed","2024-10-12T15:44:58Z","2024-10-12T16:30:20Z","etorres07",true,true,false,false,1,"make about.adoc blueocean root"
"jenkins-infra","stats.jenkins.io",true,"https://github.com/jenkins-infra/stats.jenkins.io/pull/197","closed","2024-10-09T13:08:11Z","2024-10-09T19:37:34Z","shlomomdahan",true,true,false,false,1,"enhancement: improve fetch plugins hook (useFetchPlugins.ts)"
"jenkins-infra","stats.jenkins.io",true,"https://github.com/jenkins-infra/stats.jenkins.io/pull/202","closed","2024-10-11T12:20:25Z","2024-10-11T14:25:50Z","Coffemin",true,true,false,false,1,"Sorted the data in descending order"
"jenkins-infra","docs.jenkins.io",true,"https://github.com/jenkins-infra/docs.jenkins.io/pull/119","closed","2024-10-10T17:57:50Z","2024-10-10T18:15:13Z","Coffemin",true,true,false,false,1,"Fix favicon aspect ratio bug"
"jenkins-infra","jenkins.io",true,"https://github.com/jenkins-infra/jenkins.io/pull/7595","closed","2024-10-09T18:15:03Z","2024-10-09T20:44:15Z","yashpal2104",false,false,false,false,1,"Updated Screenshots for UI documentation of Jenkins Viewing Logs."
"jenkins-infra","stats.jenkins.io",true,"https://github.com/jenkins-infra/stats.jenkins.io/pull/198","closed","2024-10-09T18:03:47Z","2024-10-09T18:15:58Z","etorres07",true,true,false,false,1,"Bugfix/fix filtering pagination"
"jenkins-infra","stats.jenkins.io",true,"https://github.com/jenkins-infra/stats.jenkins.io/pull/196","closed","2024-10-09T12:01:12Z","2024-10-09T12:12:24Z","SufyaanKhateeb",true,true,false,false,1,"Enhancement feature: Sort year by descending order instead of ascending order"
"jenkins-infra","jenkins.io",true,"https://github.com/jenkins-infra/jenkins.io/pull/7593","closed","2024-10-08T16:35:14Z","2024-10-08T21:13:08Z","kmartens27",false,false,false,false,1,"Adjust 2.480 changelog entry for correct message & issue"
"jenkins-infra","jenkins.io",true,"https://github.com/jenkins-infra/jenkins.io/pull/7592","closed","2024-10-08T14:39:29Z","2024-10-08T15:41:00Z","biancaAlexandru",true,true,false,false,1,"Updated screenshots in change-time-zone"
"jenkinsci","embeddable-build-status-plugin",true,"https://github.com/jenkinsci/embeddable-build-status-plugin/pull/346","open","2024-10-16T20:54:15Z",,"darinpope",false,false,false,false,0,"Require Jenkins 2.479.1 or newer"
"jenkinsci","versioncolumn-plugin",true,"https://github.com/jenkinsci/versioncolumn-plugin/pull/273","open","2024-10-18T19:34:37Z",,"MarkEWaite",false,false,false,false,0,"Require Jenkins 2.479.1 or newer"
"jenkinsci","priority-sorter-plugin",true,"https://github.com/jenkinsci/priority-sorter-plugin/pull/396","open","2024-10-18T20:24:03Z",,"MarkEWaite",false,false,false,false,0,"Require Jenkins 2.479.1 or newer"
"jenkinsci","thin-backup-plugin",true,"https://github.com/jenkinsci/thin-backup-plugin/pull/159","closed","2024-10-15T14:37:16Z","2024-10-18T08:58:58Z","yonah-cybr",false,false,false,false,1,"Feat: add log indicating restore success"
"jenkinsci","jenkins",true,"https://github.com/jenkinsci/jenkins/pull/9890","closed","2024-10-20T11:07:09Z","2024-10-25T21:31:56Z","mustafau",false,false,false,false,1,"Turkish localization fixes for security configuration"
"jenkinsci","jenkins",true,"https://github.com/jenkinsci/jenkins/pull/9891","closed","2024-10-20T13:11:20Z","2024-10-25T21:32:10Z","mustafau",false,false,false,false,1,"Translate user property categories to Turkish"
"jenkinsci","jenkins",true,"https://github.com/jenkinsci/jenkins/pull/9887","closed","2024-10-18T20:15:17Z","2024-10-21T18:35:23Z","dwnusbaum",false,false,false,false,1,"Reduce default size of diagnostic buffer for `FlightRecorderInputStream` from 1MiB to 1KiB"
"jenkinsci","jenkins",true,"https://github.com/jenkinsci/jenkins/pull/9883","closed","2024-10-17T08:49:24Z","2024-10-23T08:04:54Z","Vlatombe",false,false,false,false,1,"Display appropriate GUI that accurately displays offline by design"
"jenkinsci","jenkins",true,"https://github.com/jenkinsci/jenkins/pull/9878","closed","2024-10-16T11:56:14Z","2024-10-20T08:24:52Z","Vlatombe",false,false,false,false,1,"Print Jenkins version on boot"
"jenkinsci","priority-sorter-plugin",true,"https://github.com/jenkinsci/priority-sorter-plugin/pull/397","closed","2024-10-21T12:22:34Z","2024-10-21T19:22:42Z","yaroslavafenkin",false,false,false,false,1,"[JENKINS-73910] Extract inline event handlers to separate JavaScript files"
"jenkinsci","jenkins",true,"https://github.com/jenkinsci/jenkins/pull/9882","closed","2024-10-17T07:27:01Z","2024-10-21T18:37:28Z","basil",false,false,false,false,1,"Allow for null to be passed to `doSafeRestart`"
"jenkinsci","job-config-history-plugin",true,"https://github.com/jenkinsci/job-config-history-plugin/pull/342","closed","2024-10-21T08:59:39Z","2024-10-21T12:34:30Z","MadalinaM22",false,false,false,false,1,"Update README.md for Job Configuration History Plugin"
"jenkinsci","artifactory-artifact-manager-plugin",true,"https://github.com/jenkinsci/artifactory-artifact-manager-plugin/pull/80","closed","2024-10-20T10:21:30Z","2024-10-20T11:03:19Z","jonesbusy",false,false,false,false,1,"Update tests to prepare for RealJenkinsRule tests"
"jenkinsci","jenkins",true,"https://github.com/jenkinsci/jenkins/pull/9885","closed","2024-10-17T18:08:41Z","2024-10-20T08:23:48Z","basil",false,false,false,false,1,"Migrate `site.xml` to new model"
"jenkinsci","artifactory-artifact-manager-plugin",true,"https://github.com/jenkinsci/artifactory-artifact-manager-plugin/pull/77","closed","2024-10-19T10:12:54Z","2024-10-19T11:23:36Z","jonesbusy",false,false,false,false,1,"Use Jenkins baseline 2.452"
"jenkinsci","plugin-modernizer-tool",true,"https://github.com/jenkinsci/plugin-modernizer-tool/pull/348","closed","2024-10-19T05:03:54Z","2024-10-19T06:14:18Z","jonesbusy",false,false,false,false,1,"Delete minimal Java 8 build for OpenRewrite"
"jenkinsci","plugin-modernizer-tool",true,"https://github.com/jenkinsci/plugin-modernizer-tool/pull/345","closed","2024-10-18T10:28:30Z","2024-10-18T19:02:54Z","gounthar",false,false,false,false,1,"Fix maven repositories http"
"jenkinsci","nodelabelparameter-plugin",true,"https://github.com/jenkinsci/nodelabelparameter-plugin/pull/349","closed","2024-10-18T11:01:23Z","2024-10-18T14:32:26Z","yaroslavafenkin",false,false,false,false,1,"[JENKINS-73974] Remove empty `script` tags for CSP compatibility"
"jenkinsci","plugin-modernizer-tool",true,"https://github.com/jenkinsci/plugin-modernizer-tool/pull/338","closed","2024-10-17T12:26:54Z","2024-10-17T15:59:51Z","gounthar",false,false,false,false,1,"feat(recipes): Add a dependabot GitHub action file"
"jenkinsci","plugin-modernizer-tool",true,"https://github.com/jenkinsci/plugin-modernizer-tool/pull/340","closed","2024-10-17T15:54:31Z","2024-10-17T16:04:32Z","gounthar",false,false,false,false,1,"fix(ga): Use Maven latest version to build the application"
"jenkinsci","jellydoc-maven-plugin",true,"https://github.com/jenkinsci/jellydoc-maven-plugin/pull/117","closed","2024-10-17T17:56:02Z","2024-10-17T17:56:08Z","basil",false,false,false,false,1,"Migrate `site.xml` to new model"
"jenkinsci","junit-plugin",true,"https://github.com/jenkinsci/junit-plugin/pull/658","closed","2024-10-17T10:53:13Z","2024-10-17T16:24:10Z","yaroslavafenkin",false,false,false,false,1,"[JENKINS-73946] Remove inline event handlers in `History/index.jelly`"
"jenkinsci","plugin-modernizer-tool",true,"https://github.com/jenkinsci/plugin-modernizer-tool/pull/336","closed","2024-10-16T17:29:21Z","2024-10-17T09:48:31Z","gounthar",false,false,false,false,1,"feat(recipes): Add ModernizeJenkinsfile Recipe and UpgradeNextMajorParentVersion Dependency"
"jenkinsci","warnings-ng-plugin",true,"https://github.com/jenkinsci/warnings-ng-plugin/pull/1862","closed","2024-10-15T13:46:17Z","2024-10-16T18:29:25Z","yaroslavafenkin",false,false,false,false,1,"[JENKINS-73896] Un-inline JavaScript in ResultAction/summary.jelly"
"jenkinsci","junit-plugin",true,"https://github.com/jenkinsci/junit-plugin/pull/657","closed","2024-10-16T13:39:36Z","2024-10-16T17:44:15Z","yaroslavafenkin",false,false,false,false,1,"[JENKINS-73943] Remove legacy `checkUrl` usage in AggregatedTestResutPublisher/config.jelly"
"jenkinsci","jenkins",true,"https://github.com/jenkinsci/jenkins/pull/9874","closed","2024-10-15T16:09:52Z","2024-10-15T16:41:25Z","shenxianpeng",false,false,false,false,1,"Fix run generate-weekly-changelog.sh failed"
"jenkinsci","jenkins",true,"https://github.com/jenkinsci/jenkins/pull/9875","closed","2024-10-15T20:25:59Z","2024-10-15T23:53:16Z","basil",false,false,false,false,1,"Backporting for 2.479.1 (part 3)"
"jenkinsci","jellydoc-maven-plugin",true,"https://github.com/jenkinsci/jellydoc-maven-plugin/pull/114","closed","2024-10-15T21:56:10Z","2024-10-15T21:58:13Z","basil",false,false,false,false,1,"Migrate to Doxia 2.0.0 stack"
"jenkinsci","jenkins",true,"https://github.com/jenkinsci/jenkins/pull/9876","closed","2024-10-15T21:20:45Z","2024-10-15T21:36:48Z","dwnusbaum",false,false,false,false,1,"Stop build in `DeleteBuildsCommandTest.deleteBuildsShouldFailIfTheBuildIsRunning` so test can be cleaned up on Windows consistently"
"jenkinsci","artifactory-artifact-manager-plugin",true,"https://github.com/jenkinsci/artifactory-artifact-manager-plugin/pull/76","closed","2024-10-15T13:17:27Z","2024-10-15T13:33:26Z","jonesbusy",false,false,false,false,1,"Applied recipes DeleteUpdateCliWorkflows"
"jenkinsci","plugin-modernizer-tool",true,"https://github.com/jenkinsci/plugin-modernizer-tool/pull/333","closed","2024-10-15T09:58:29Z","2024-10-15T11:30:10Z","jonesbusy",false,false,false,false,1,"Fully delete files on DeleteUpdateCliWorkflows"
"jenkinsci","plugin-modernizer-tool",true,"https://github.com/jenkinsci/plugin-modernizer-tool/pull/332","closed","2024-10-15T08:44:49Z","2024-10-15T08:53:51Z","jonesbusy",false,false,false,false,1,"When fetching existing source, ensure checkout the main branch"
"jenkins-infra","docs.jenkins.io",true,"https://github.com/jenkins-infra/docs.jenkins.io/pull/163","closed","2024-10-21T22:16:13Z","2024-10-23T05:49:24Z","Maduflavins",true,true,false,false,1,"implemented update for site/advisories"
"jenkins-infra","jenkins.io",true,"https://github.com/jenkins-infra/jenkins.io/pull/7615","closed","2024-10-15T19:43:27Z","2024-10-22T17:05:23Z","kmartens27",false,false,false,false,1,"LTS 2.479.1 - creating  changelog & upgrade guide"
"jenkins-infra","jenkins.io",true,"https://github.com/jenkins-infra/jenkins.io/pull/7621","closed","2024-10-17T18:11:10Z","2024-10-22T12:13:33Z","yashpal2104",false,false,false,false,1,"Updated UI screenshots for the Using credentials page"
"jenkins-infra","docs.jenkins.io",true,"https://github.com/jenkins-infra/docs.jenkins.io/pull/161","closed","2024-10-18T13:13:51Z","2024-10-18T16:35:40Z","Nwaamaka-Iduwe",true,true,false,false,1,"Update the documentation at site/ for the Gatsby-based jenkins.io website #123"
"jenkins-infra","docs.jenkins.io",true,"https://github.com/jenkins-infra/docs.jenkins.io/pull/162","closed","2024-10-18T14:17:32Z","2024-10-18T23:12:12Z","pateldivyesh1323",true,true,false,false,1,"fix: Fixed Suggest a presentation UI"
"jenkins-infra","jenkins.io",true,"https://github.com/jenkins-infra/jenkins.io/pull/7622","closed","2024-10-18T11:42:26Z","2024-10-18T14:30:34Z","daniel-beck",false,false,false,false,1,"Add reference to excellent Semgrep overview of XXE"
"jenkins-infra","docs.jenkins.io",true,"https://github.com/jenkins-infra/docs.jenkins.io/pull/160","closed","2024-10-17T22:55:51Z","2024-10-18T08:17:33Z","Vandit1604",true,true,false,false,1,"chore: remove hacktoberfest, gsod, gsoc, governance, docker, conferences, changelog, cdf, books, blueocean images"
"jenkins-infra","docs.jenkins.io",true,"https://github.com/jenkins-infra/docs.jenkins.io/pull/159","closed","2024-10-17T22:51:28Z","2024-10-18T08:05:46Z","Vandit1604",true,true,false,false,1,"chore: remove avatars, adopters, awards images"
"jenkins-infra","docs.jenkins.io",true,"https://github.com/jenkins-infra/docs.jenkins.io/pull/158","closed","2024-10-17T20:48:47Z","2024-10-18T07:58:09Z","Coffemin",true,true,false,false,1,"fix: symbol and video size update"
"jenkins-infra","docs.jenkins.io",true,"https://github.com/jenkins-infra/docs.jenkins.io/pull/155","closed","2024-10-17T18:32:48Z","2024-10-17T18:42:42Z","sarthak-kumar-shailendra",true,true,false,false,1,"updated iframe size on user-docs/2.452.x/blueocean/"
"jenkins-infra","docs.jenkins.io",true,"https://github.com/jenkins-infra/docs.jenkins.io/pull/151","closed","2024-10-17T10:01:05Z","2024-10-17T18:32:44Z","sarthak-kumar-shailendra",true,true,false,false,1,"fix: adjusted iframe size for desktop and mobile view for Blue Ocean About page"
"jenkins-infra","docs.jenkins.io",true,"https://github.com/jenkins-infra/docs.jenkins.io/pull/153","closed","2024-10-17T14:32:32Z","2024-10-17T16:09:18Z","Coffemin",true,true,false,false,1,"Bugfix/missing svg"
"jenkins-infra","jenkins.io",true,"https://github.com/jenkins-infra/jenkins.io/pull/7619","closed","2024-10-16T15:04:46Z","2024-10-17T15:46:35Z","kmartens27",false,false,false,false,1,"Additional updates for instance usage"
"jenkins-infra","jenkins.io",true,"https://github.com/jenkins-infra/jenkins.io/pull/7620","closed","2024-10-17T14:03:58Z","2024-10-17T14:11:14Z","kmartens27",false,false,false,false,1,"Update pipeline index code example"
"jenkins-infra","docs.jenkins.io",true,"https://github.com/jenkins-infra/docs.jenkins.io/pull/148","closed","2024-10-15T08:48:54Z","2024-10-16T22:16:21Z","Vandit1604",true,true,false,false,1,"chore: remove `public/files`"
"jenkins-infra","docs.jenkins.io",true,"https://github.com/jenkins-infra/docs.jenkins.io/pull/149","closed","2024-10-15T08:59:11Z","2024-10-16T10:06:22Z","Vandit1604",true,true,false,false,1,"Remove auto-generated files built with `gatsby develop` command"
"jenkins-infra","jenkins.io",true,"https://github.com/jenkins-infra/jenkins.io/pull/7618","closed","2024-10-16T14:24:59Z","2024-10-16T14:40:41Z","kmartens27",false,false,false,false,1,"Weekly 2.481 - adjust ofline agent entry message"
"jenkins-infra","jenkins.io",true,"https://github.com/jenkins-infra/jenkins.io/pull/7617","closed","2024-10-16T13:59:33Z","2024-10-16T14:20:09Z","MarkEWaite",false,false,false,false,1,"Format 2.481 changelog to match automated formatting"
"jenkins-infra","jenkins.io",true,"https://github.com/jenkins-infra/jenkins.io/pull/7613","closed","2024-10-15T16:17:08Z","2024-10-16T13:33:59Z","kmartens27",false,false,false,false,1,"Update weekly 2.481 to include all entries"
"jenkinsci","jenkins",true,"https://github.com/jenkinsci/jenkins/pull/9916","closed","2024-10-26T08:11:48Z","2024-10-27T23:34:49Z","mustafau",false,false,false,false,1,"Turkish localization fixes for node list page"
"jenkinsci","embeddable-build-status-plugin",true,"https://github.com/jenkinsci/embeddable-build-status-plugin/pull/352","closed","2024-10-27T17:39:51Z","2024-10-27T22:37:15Z","yashpal2104",false,false,false,false,1,"Add ParameterResolver tests"
"jenkinsci","embeddable-build-status-plugin",true,"https://github.com/jenkinsci/embeddable-build-status-plugin/pull/349","closed","2024-10-25T10:15:30Z","2024-10-25T19:29:41Z","yashpal2104",false,false,false,false,1,"Add tests to SpecialValueParameterResolverExtensionTest"
"jenkinsci","jenkins",true,"https://github.com/jenkinsci/jenkins/pull/9923","open","2024-10-28T20:15:44Z",,"dwnusbaum",false,false,false,false,0,"Skip `LogRotatorTest#ableToDeleteCurrentBuild` on Windows"
"jenkinsci","job-config-history-plugin",true,"https://github.com/jenkinsci/job-config-history-plugin/pull/343","closed","2024-10-24T12:24:22Z","2024-10-29T18:06:43Z","yaroslavafenkin",false,false,false,false,1,"[JENKINS-74032][JENKINS-73033][JENKINS-73034] Improve CSP compatibility"
"jenkinsci","configuration-as-code-plugin",true,"https://github.com/jenkinsci/configuration-as-code-plugin/pull/2580","closed","2024-10-22T17:47:35Z","2024-10-28T17:49:00Z","jglick",false,false,false,false,1,"Removing tests of `Jenkins.agentProtocols`"
"jenkinsci","jenkins",true,"https://github.com/jenkinsci/jenkins/pull/9920","open","2024-10-28T04:15:59Z",,"caocuong2404",false,false,false,false,0,"fix(styling _table.scss): button tooltip style"
"jenkinsci","jellydoc-maven-plugin",true,"https://github.com/jenkinsci/jellydoc-maven-plugin/pull/118","closed","2024-10-22T21:43:25Z","2024-10-28T20:35:30Z","pyatizbyantsevia",true,true,false,false,1,"Migrate from `maven-artifact-transfer` to direct use of Resolver API"
"jenkinsci","azure-vm-agents-plugin",true,"https://github.com/jenkinsci/azure-vm-agents-plugin/pull/570","open","2024-10-25T20:46:12Z",,"johnl2323",false,false,false,false,0,"Add support for node properties to template (#566)"
"jenkinsci","jenkins",true,"https://github.com/jenkinsci/jenkins/pull/9903","closed","2024-10-22T17:34:26Z","2024-10-24T17:41:45Z","jglick",false,false,false,false,1,"Removing configurability of `Jenkins.agentProtocols`"
"jenkinsci","jenkins",true,"https://github.com/jenkinsci/jenkins/pull/9921","open","2024-10-28T15:26:48Z",,"jglick",false,false,false,false,0,"Introducing `ControllerToAgentCallable`"
"jenkinsci","plugin-modernizer-tool",true,"https://github.com/jenkinsci/plugin-modernizer-tool/pull/355","open","2024-10-23T17:57:13Z",,"gounthar",false,false,false,false,0,"feat(recipes): Add jelly xml declaration"
"jenkinsci","jenkins",true,"https://github.com/jenkinsci/jenkins/pull/9906","closed","2024-10-23T15:39:53Z","2024-10-25T21:35:27Z","daniel-beck",false,false,false,false,1,"Add Resource Root URL test for permissions assigned to groups"
"jenkinsci","scm-filter-aged-refs-plugin",true,"https://github.com/jenkinsci/scm-filter-aged-refs-plugin/pull/47","open","2024-10-27T22:33:04Z",,"Trucosuso",false,false,false,false,0,"Add new traits to apply the filter only to branches, pull requests or tags"
"jenkinsci","gitlab-plugin",false,"https://github.com/jenkinsci/gitlab-plugin/pull/1717","closed","2024-10-26T05:51:53Z","2024-10-26T08:04:20Z","yiftahw",true,true,false,false,1,"Handle merge request labels in Note Webhooks (comments)"
"jenkinsci","jobcacher-plugin",true,"https://github.com/jenkinsci/jobcacher-plugin/pull/368","closed","2024-10-26T06:25:22Z","2024-10-26T06:32:22Z","jonesbusy",false,false,false,false,1,"Applied recipes UpgradeBomVersion"
"jenkinsci","artifactory-artifact-manager-plugin",true,"https://github.com/jenkinsci/artifactory-artifact-manager-plugin/pull/81","closed","2024-10-26T06:08:51Z","2024-10-26T06:30:18Z","jonesbusy",false,false,false,false,1,"Applied recipes UpgradeBomVersion"
"jenkinsci","jenkins",true,"https://github.com/jenkinsci/jenkins/pull/9909","closed","2024-10-24T13:04:38Z","2024-10-25T21:32:52Z","xndcn",false,false,false,false,1,"Add note about environment variable in parameter file.html"
"jenkinsci","jenkins",true,"https://github.com/jenkinsci/jenkins/pull/9905","closed","2024-10-23T14:21:57Z","2024-10-25T21:32:29Z","Vlatombe",false,false,false,false,1,"When calling Nodes#setNodes, NodeListener methods should be called as required"
"jenkinsci","jenkins",true,"https://github.com/jenkinsci/jenkins/pull/9908","closed","2024-10-24T11:59:49Z","2024-10-25T21:31:35Z","Dohbedoh",false,false,false,false,1,"[JENKINS-73845] Fix OperatingSystemEndOfLifeAdminMonitor endOfLifeDate displayed on first warning day"
"jenkinsci","gitlab-plugin",false,"https://github.com/jenkinsci/gitlab-plugin/pull/1713","closed","2024-10-22T07:21:42Z","2024-10-25T15:10:08Z","yiftahw",true,true,false,false,1,"Add merge request labels to environment variables "
"jenkinsci","gitlab-plugin",false,"https://github.com/jenkinsci/gitlab-plugin/pull/1712","closed","2024-10-22T04:20:04Z","2024-10-24T16:05:34Z","arechavarria",true,true,false,false,1,"Avoid caching the credential, instead get the credential value whenever it is required through the request filter "
"jenkinsci","scm-filter-aged-refs-plugin",true,"https://github.com/jenkinsci/scm-filter-aged-refs-plugin/pull/46","closed","2024-10-23T15:45:52Z","2024-10-24T14:40:29Z","TobiX",false,false,false,false,1,"Use correct ""latest commit date"" for GitHub PRs"
"jenkinsci","jenkins",true,"https://github.com/jenkinsci/jenkins/pull/9907","closed","2024-10-23T16:30:05Z","2024-10-23T18:59:48Z","basil",false,false,false,false,1,"Backporting for 2.479.1 (part 4)"
"jenkinsci","warnings-ng-plugin",true,"https://github.com/jenkinsci/warnings-ng-plugin/pull/1869","open","2024-10-23T14:13:19Z",,"yaroslavafenkin",false,false,false,false,0,"[JENKINS-74008] Extract JavaScript block from `FixedWarningsDetail/index.jelly`"
"jenkinsci","docker-inbound-agents",true,"https://github.com/jenkinsci/docker-inbound-agents/pull/47","closed","2024-10-23T13:22:35Z","2024-10-23T13:47:59Z","gounthar",false,false,false,false,1,"fix(docker): Use the latest alpine jdk8 image"
"jenkinsci","warnings-ng-plugin",true,"https://github.com/jenkinsci/warnings-ng-plugin/pull/1868","open","2024-10-23T12:38:51Z",,"yaroslavafenkin",false,false,false,false,0,"[JENKINS-73959] Use CSP compatible version of `st:bind` in `PullRequestMonitoringPortlet/monitor.jelly`"
"jenkinsci","nodelabelparameter-plugin",true,"https://github.com/jenkinsci/nodelabelparameter-plugin/pull/352","closed","2024-10-22T22:05:37Z","2024-10-23T00:50:56Z","pardoner",false,false,false,false,1,"Improve NodeParameterValue and LabelParameterValue test coverage"
"jenkinsci","jenkins",true,"https://github.com/jenkinsci/jenkins/pull/9901","open","2024-10-22T09:08:06Z",,"daniel-beck",false,false,false,false,0,"Make queue item expiration configurable via Java system property"
"jenkins-infra","contributor-spotlight",true,"https://github.com/jenkins-infra/contributor-spotlight/pull/214","open","2024-10-24T20:37:54Z",,"kmartens27",false,false,false,false,0,"November 5 2024 - Adding spotlight for Jesse Glick"
"jenkins-infra","docs.jenkins.io",true,"https://github.com/jenkins-infra/docs.jenkins.io/pull/168","open","2024-10-26T17:58:00Z",,"Nwaamaka-Iduwe",false,false,false,false,0,"Update the authors data under `site/authors`"
"jenkins-infra","docs.jenkins.io",true,"https://github.com/jenkins-infra/docs.jenkins.io/pull/169","closed","2024-10-27T03:43:59Z","2024-10-28T09:28:52Z","krisstern",false,false,false,false,1,"chore: clean out site/public folder"
"jenkins-infra","jenkins.io",true,"https://github.com/jenkins-infra/jenkins.io/pull/7632","closed","2024-10-25T15:29:55Z","2024-10-26T06:47:46Z","daniel-beck",false,false,false,false,1,"Document FormApply#applyResponse/#showNotification"
"jenkins-infra","jenkins.io",true,"https://github.com/jenkins-infra/jenkins.io/pull/7630","closed","2024-10-24T13:27:29Z","2024-10-25T15:22:09Z","gounthar",false,false,false,false,1,"feat(blog): Quickstart tutorials revamp"
"jenkins-infra","jenkins.io",true,"https://github.com/jenkins-infra/jenkins.io/pull/7631","closed","2024-10-24T15:11:28Z","2024-10-25T12:52:55Z","gounthar",false,false,false,false,1,"fix(updatecli): Handle 307 HTTP redirect"
"jenkins-infra","jenkins.io",true,"https://github.com/jenkins-infra/jenkins.io/pull/7629","closed","2024-10-24T10:37:06Z","2024-10-24T10:47:17Z","MarkEWaite",false,false,false,false,1,"Fix link in brownout blog post"
"jenkins-infra","jenkins.io",true,"https://github.com/jenkins-infra/jenkins.io/pull/7626","closed","2024-10-23T11:24:24Z","2024-10-24T10:43:44Z","daniel-beck",false,false,false,false,1,"Add documentation on `@Restricted` annotation"
"jenkins-infra","jenkins.io",true,"https://github.com/jenkins-infra/jenkins.io/pull/7628","closed","2024-10-24T09:33:05Z","2024-10-24T09:45:53Z","dduportal",false,false,false,false,1,"feat(blog) add a new post about the Update Center (5th brownout)"
"jenkins-infra","jenkins.io",true,"https://github.com/jenkins-infra/jenkins.io/pull/7627","closed","2024-10-23T19:41:47Z","2024-10-23T21:00:33Z","kmartens27",false,false,false,false,1,"LTS 2.479.1 - Additional backports and Spring versions"
"jenkins-infra","docs.jenkins.io",true,"https://github.com/jenkins-infra/docs.jenkins.io/pull/164","closed","2024-10-22T18:50:30Z","2024-10-23T06:32:12Z","Vandit1604",true,true,false,false,1,"Remove sponsors, logos, jams, developer images from `public` folder"
"jenkinsci","configuration-as-code-plugin",true,"https://github.com/jenkinsci/configuration-as-code-plugin/pull/2585","closed","2024-10-31T19:41:19Z","2024-10-31T19:42:04Z","timja",false,false,false,false,1,"Switch automating LTS version to renovate"
"jenkinsci","azure-storage-plugin",true,"https://github.com/jenkinsci/azure-storage-plugin/pull/316","closed","2024-10-29T22:25:56Z","2024-10-31T18:59:42Z","timja",false,false,false,false,1,"Make CSP compatible and remove YUI"
"jenkinsci","docker-agent",true,"https://github.com/jenkinsci/docker-agent/pull/901","closed","2024-10-31T10:32:12Z","2024-10-31T11:32:18Z","gounthar",false,false,false,false,1,"chore(updatecli): restore ubi9 manifest (RedHat Container Registry's json file is now valid)"
"jenkinsci","jenkins",true,"https://github.com/jenkinsci/jenkins/pull/9925","open","2024-10-29T18:47:46Z",,"jglick",false,false,false,false,0,"Race condition & memory leak in `TypedFilter`"
"jenkins-infra","jenkins.io",true,"https://github.com/jenkins-infra/jenkins.io/pull/7645","closed","2024-10-30T21:51:58Z","2024-10-30T22:17:53Z","StefanSpieker",false,false,false,false,1,"Use asciidoc headings"
"jenkins-infra","jenkins.io",true,"https://github.com/jenkins-infra/jenkins.io/pull/7644","closed","2024-10-30T21:45:01Z","2024-10-31T18:54:24Z","StefanSpieker",false,false,false,false,1,"Slightly reworked the SCM part"
"jenkins-infra","jenkins.io",true,"https://github.com/jenkins-infra/jenkins.io/pull/7641","open","2024-10-30T14:39:20Z",,"gounthar",false,false,false,false,0,"feat(blog): CSP project October update"
"jenkins-infra","jenkins.io",true,"https://github.com/jenkins-infra/jenkins.io/pull/7642","open","2024-10-30T18:31:31Z",,"ShrushtiDesai",false,false,false,false,0,"Update UI screenshots in Pipeline documentation #7526"
"jenkins-infra","jenkins.io",true,"https://github.com/jenkins-infra/jenkins.io/pull/7643","closed","2024-10-30T18:57:43Z","2024-10-30T21:31:35Z","kmartens27",false,false,false,false,1,"Add LTS 2.479.1 to servlet container support policy"
"jenkins-infra","docs.jenkins.io",true,"https://github.com/jenkins-infra/docs.jenkins.io/pull/172","closed","2024-10-30T15:03:15Z","2024-10-30T15:28:33Z","Coffemin",true,true,false,false,1,"feat: added dark mode support to Antora docs"
"jenkins-infra","jenkins.io",true,"https://github.com/jenkins-infra/jenkins.io/pull/7637","closed","2024-10-29T16:32:34Z","2024-10-29T17:13:06Z","MarkEWaite",false,false,false,false,1,"Add dashes into the formatted date of bug description"
"jenkins-infra","jenkins.io",true,"https://github.com/jenkins-infra/jenkins.io/pull/7636","closed","2024-10-29T15:02:21Z","2024-10-29T15:12:03Z","daniel-beck",false,false,false,false,1,"Do not show ""Notable changes"" section for unreleased LTS versions"
