GroupBy(user.login),sum(hacktoberfest_complete)
"720Florian",1
"Allan2000-Git",3
"Brijeshthummar02",1
"Coffemin",5
"DerSimeon",0
"Dohbedoh",3
"MadalinaM22",2
"Maduflavins",1
"MarkEWaite",19
"Murl080",1
"NotMyFault",2
"Nwaamaka-Iduwe",1
"ShrushtiDesai",0
"StefanSpieker",4
"SufyaanKhateeb",1
"TobiX",2
"Trucosuso",0
"Vandit1604",7
"Vidya-2004",1
"Vlatombe",5
"adripo",1
"arechavarria",1
"azarboon",0
"basil",14
"biancaAlexandru",1
"caocuong2404",0
"daniel-beck",5
"darinpope",0
"dduportal",1
"dwnusbaum",3
"etorres07",3
"gdams",2
"gjasny",1
"gounthar",11
"janfaracik",2
"jglick",3
"johnl2323",0
"jonesbusy",41
"kirk-fitz",1
"kmalino66",1
"kmartens27",9
"krisstern",5
"lemeurherveCB",1
"mkemmerz",1
"mustafau",3
"oleg-nenashev",1
"pardoner",1
"pateldivyesh1323",1
"pyatizbyantsevia",1
"sarthak-kumar-shailendra",2
"schulmak",2
"shenxianpeng",2
"shlomomdahan",3
"timja",7
"tj90241",1
"uhafner",1
"varshadr",1
"xndcn",1
"yaroslavafenkin",7
"yashpal2104",6
"yiftahw",2
"yonah-cybr",1
"zbynek",1
