GroupBy(user.login),sum(hacktoberfest_complete)
"AayushSaini101",0
"Abhishekverma2002",1
"AlexanderStohr",1
"AndreBrinkop",0
"Artmorse",4
"CrystallDEV",1
"Dohbedoh",1
"EltonAlvess",1
"Greybird",4
"HeroCC",1
"Hrushi20",1
"Jagrutiti",6
"Kevin-CB",1
"Langer0416",0
"LizGaudet",3
"MarkEWaite",21
"NotMyFault",51
"OmkarBorhade98",4
"Pldi23",0
"Riliane",2
"ShihouinYoruichi",1
"Si-So",1
"StefanSpieker",6
"Sushrut1101",1
"Ticketedmoon",1
"TobiX",1
"VladRassokhin",0
"Vlatombe",3
"Wadeck",4
"Xav83",1
"afzal442",0
"alecharp",0
"amuniz",1
"aneveux",4
"ankurkumarz",4
"ash-sxn",5
"basil",38
"bishal7679",1
"boaglio",1
"bphinz",1
"bzzitsme",0
"car-roll",0
"chriskloe",1
"chupapimunyanyl",0
"crenan",1
"cyrille-leclerc",1
"daniel-beck",6
"davidho0403",1
"dduportal",39
"denis-arruda",1
"dipjul",0
"donhui",17
"dwnusbaum",2
"fo-code",1
"gounthar",5
"halkeye",5
"hamidos",1
"highflyer910",2
"i-dipanshu",10
"jamietanna",3
"janfaracik",10
"jglick",6
"jgreffe",4
"jhonDoe15",1
"jimklimov",1
"jmMeessen",9
"jonesbusy",1
"jtnord",4
"julieheard",8
"kalarani-tw",1
"kaltepeter",3
"kauppfbi",5
"kmartens27",11
"krishna3008",0
"krisstern",3
"kuisathaverat",1
"lemeurherve",48
"mPokornyETM",5
"mbaitelman",1
"mccartney",1
"mdealer",0
"mkemmerz",2
"motlib",0
"olamy",0
"pampadams",7
"paulmarsicloud",1
"pjdarton",2
"pjsier",1
"rahuldimri",2
"rbnis",0
"rda1ton",2
"res0nance",3
"ridemountainpig",0
"rkivisto",0
"sboardwell",5
"sdenel",0
"slide",6
"smerle33",17
"splatch",0
"strangelookingnerd",1
"stuartrowe",1
"sushnag22",1
"tanujdevops",6
"timbrown5",7
"timja",10
"twasyl",1
"uhafner",4
"v1v",2
"ventojna",0
"vihaanthora",1
"wanderer163",1
"wiemerc",1
"xspynks",0
"zbynek",8
